Profile Name,Username,Repo Count,EthicalHackingNotes-Christ Check
"Ebinesh-03","https://github.com/Ebinesh-03",5,"PASS"
"JuliusDude","https://github.com/JuliusDude",28,"PASS"
"SankaraNarayananS18","https://github.com/SankaraNarayananS18",11,"PASS"
"JDANIELRAJ007","https://github.com/JDANIELRAJ007",10,"PASS"
"Aaron-VS","https://github.com/Aaron-VS",11,"PASS"
"Abel0606","https://github.com/Abel0606",13,"PASS"
"Umeshwarkumar","https://github.com/Umeshwarkumar",23,"PASS"
"jonvikboi","https://github.com/jonvikboi",25,"PASS"
"EVAN-KS","https://github.com/EVAN-KS",4,"PASS"
"Soumya-code-ai","https://github.com/Soumya-code-ai",13,"PASS"
"Dineshbaburs","https://github.com/Dineshbaburs",21,"PASS"
"B3ttina","https://github.com/B3ttina",9,"PASS"
"AdithyaRaj672","https://github.com/AdithyaRaj672",15,"PASS"
"Allanpremm","https://github.com/Allanpremm",13,"PASS"
"alfindigo","https://github.com/alfindigo",19,"FAIL"
"abelalexander18","https://github.com/abelalexander18",13,"PASS"
"Darain-Brit-A","https://github.com/Darain-Brit-A",25,"PASS"
"SanMaria28","https://github.com/SanMaria28",25,"PASS"
"shaundx5","https://github.com/shaundx5",11,"PASS"
"Patrick-Pio","https://github.com/Patrick-Pio",5,"PASS"
"Deanjb3","https://github.com/Deanjb3",8,"PASS"
"ishaZaara","https://github.com/ishaZaara",9,"PASS"
"JoyAanchalRose","https://github.com/JoyAanchalRose",5,"PASS"
"Ramya-9739","https://github.com/Ramya-9739",10,"PASS"
"Rachel-joy07","https://github.com/Rachel-joy07",12,"PASS"
"sasmitabtech","https://github.com/sasmitabtech",19,"PASS"
"nithin811","https://github.com/nithin811",15,"PASS"
"NITHEE-11","https://github.com/NITHEE-11",12,"PASS"
"Nandana-19","https://github.com/Nandana-19",6,"PASS"
"Kavin-cse","https://github.com/Kavin-cse",24,"PASS"
"SharonC-droid","https://github.com/SharonC-droid",9,"PASS"
"dan-jose2006","https://github.com/dan-jose2006",18,"PASS"
"Joel-jarn","https://github.com/Joel-jarn",23,"PASS"
"KARTHIK-RAJEEV","https://github.com/KARTHIK-RAJEEV",11,"PASS"
"adisankar-oss","https://github.com/adisankar-oss",9,"PASS"
"AnnmarieVinish","https://github.com/AnnmarieVinish",12,"PASS"
"AnamiiiikaM","https://github.com/AnamiiiikaM",8,"PASS"
"SREEHARIS16","https://github.com/SREEHARIS16",13,"PASS"
"chrisbaptist07","https://github.com/chrisbaptist07",12,"PASS"
"sajidarryl","https://github.com/sajidarryl",3,"FAIL"
"annmary-aaa","https://github.com/annmary-aaa",13,"PASS"
"krupa2412","https://github.com/krupa2412",5,"PASS"
"samvrith66","https://github.com/samvrith66",9,"PASS"
"Nikshitha2896","https://github.com/Nikshitha2896",8,"PASS"
"SnehaT23","https://github.com/SnehaT23",13,"PASS"
"tanushree-2006","https://github.com/tanushree-2006",6,"PASS"
"alvinjobi4","https://github.com/alvinjobi4",14,"FAIL"
"A-M-K-x","https://github.com/A-M-K-x",6,"FAIL"
"samuelbiju13","https://github.com/samuelbiju13",9,"PASS"
"joshuasantoshh","https://github.com/joshuasantoshh",15,"FAIL"
"RichardRajuChirayath","https://github.com/RichardRajuChirayath",24,"PASS"
"johnevin965","https://github.com/johnevin965",3,"FAIL"
"Sartaj-IT","https://github.com/Sartaj-IT",8,"PASS"
"Sankeeth-23","https://github.com/Sankeeth-23",5,"PASS"
"AvrelPinto","https://github.com/AvrelPinto",7,"PASS"
"Melwin-Thomas","https://github.com/Melwin-Thomas",10,"PASS"
"AlenSaijo","https://github.com/AlenSaijo",9,"PASS"
"JohnJoby2006","https://github.com/JohnJoby2006",15,"PASS"
"Sreesanth200677","https://github.com/Sreesanth200677",9,"PASS"
"Ashweljohn","https://github.com/Ashweljohn",19,"PASS"
"Tiswin-Saji","https://github.com/Tiswin-Saji",9,"PASS"
"BasudevDileep","https://github.com/BasudevDileep",12,"PASS"
"AthreyRaj","https://github.com/AthreyRaj",19,"FAIL"
"shayliz","https://github.com/shayliz",13,"FAIL"
"MichelleDevasia","https://github.com/MichelleDevasia",18,"PASS"
"Angela-Domingo","https://github.com/Angela-Domingo",9,"PASS"
"jessicanalinipaully","https://github.com/jessicanalinipaully",13,"PASS"
"Prash-2402","https://github.com/Prash-2402",22,"FAIL"
"Prisha-11-07","https://github.com/Prisha-11-07",11,"PASS"
"Aksa-006","https://github.com/Aksa-006",4,"PASS"
"SanjanaSudhir","https://github.com/SanjanaSudhir",6,"PASS"
"JoshinyMaria","https://github.com/JoshinyMaria",5,"PASS"
"SriRam-0511","https://github.com/SriRam-0511",3,"PASS"
"Monisha71","https://github.com/Monisha71",6,"PASS"
"JemimahAnna","https://github.com/JemimahAnna",10,"PASS"
"Reuben-Sunish","https://github.com/Reuben-Sunish",9,"PASS"
"maxine-23","https://github.com/maxine-23",8,"PASS"
"Rhea-gracy","https://github.com/Rhea-gracy",12,"PASS"
"Stacydsouza","https://github.com/Stacydsouza",12,"PASS"
"jfs1336","https://github.com/jfs1336",9,"FAIL"
"Tom-boby","https://github.com/Tom-boby",16,"PASS"
"TenzinRigzin2460462","https://github.com/TenzinRigzin2460462",13,"PASS"
"AntonyPraveenReddyK","https://github.com/AntonyPraveenReddyK",13,"FAIL"
"aadithyavimal-christ","https://github.com/aadithyavimal-christ",4,"PASS"
"jonac77","https://github.com/jonac77",8,"PASS"
"diyasusan-coder","https://github.com/diyasusan-coder",11,"PASS"
"Fariha006","https://github.com/Fariha006",12,"PASS"
"LeoRineeth","https://github.com/LeoRineeth",13,"FAIL"
"ArthurFigrous","https://github.com/ArthurFigrous",6,"FAIL"
"SonalJoy10","https://github.com/SonalJoy10",12,"PASS"
"raappo","https://github.com/raappo",21,"PASS"
"bigdaddy110","https://github.com/bigdaddy110",3,"FAIL"
"AmanVarunEkka","https://github.com/AmanVarunEkka",5,"PASS"
"GOKUL06092006","https://github.com/GOKUL06092006",12,"PASS"
"Abishek-gitit","https://github.com/Abishek-gitit",16,"PASS"
"MINEAMICHEAL","https://github.com/MINEAMICHEAL",5,"PASS"
"Prajin-30","https://github.com/Prajin-30",8,"PASS"
"Tenzin-Choeying1","https://github.com/Tenzin-Choeying1",12,"FAIL"
"elizamiriampaul","https://github.com/elizamiriampaul",9,"PASS"
"lijo6666","https://github.com/lijo6666",9,"PASS"
"moonknight96","https://github.com/moonknight96",3,"FAIL"
"Istiaq-Alam","https://github.com/Istiaq-Alam",65,"FAIL"
"bbpatil","https://github.com/bbpatil",550,"FAIL"
"abinshajumi7","https://github.com/abinshajumi7",13,"FAIL"